{"loss": [1.3813769817352295, 0.445146769285202, 0.2622830867767334, 0.18115799129009247, 0.13772661983966827, 0.10595229268074036, 0.08524475991725922, 0.07312747091054916, 0.06339254230260849, 0.056369930505752563], "accuracy": [0.592616856098175, 0.8591649532318115, 0.915570080280304, 0.9401949048042297, 0.9554449319839478, 0.9653602838516235, 0.9725015759468079, 0.9760153889656067, 0.9792872667312622, 0.9820186495780945], "val_loss": [0.5176507234573364, 0.302552193403244, 0.24858342111110687, 0.17190013825893402, 0.14389649033546448, 0.12444202601909637, 0.12061898410320282, 0.19078339636325836, 0.10979906469583511, 0.12116353958845139], "val_accuracy": [0.8369565010070801, 0.901149570941925, 0.9193034172058105, 0.9444001913070679, 0.9530503153800964, 0.9603915214538574, 0.9640905857086182, 0.9448554515838623, 0.9661393165588379, 0.9644889831542969]}